user_id,segment,points_balance
u00001,new,132
u00002,new,136
u00003,new,0
u00004,new,69
u00005,new,42
u00006,new,81
u00007,new,7
u00008,new,20
u00009,new,83
u00010,new,79
u00011,new,163
u00012,new,92
u00013,new,165
u00014,new,158
u00015,new,148
u00016,new,0
u00017,new,33
u00018,new,107
u00019,new,0
u00020,new,48
u00021,new,120
u00022,new,82
u00023,new,59
u00024,new,183
u00025,new,54
u00026,new,146
u00027,new,77
u00028,new,85
u00029,new,58
u00030,new,29
u00031,new,66
u00032,new,0
u00033,new,116
u00034,new,86
u00035,new,53
u00036,new,127
u00037,new,17
u00038,new,0
u00039,new,105
u00040,new,0
u00041,new,0
u00042,new,89
u00043,new,137
u00044,new,33
u00045,new,26
u00046,new,170
u00047,new,0
u00048,new,130
u00049,new,105
u00050,new,36
u00051,new,71
u00052,new,28
u00053,new,40
u00054,new,70
u00055,new,37
u00056,new,0
u00057,new,122
u00058,new,43
u00059,new,127
u00060,new,70
u00061,new,248
u00062,new,113
u00063,new,0
u00064,new,0
u00065,new,26
u00066,new,54
u00067,new,0
u00068,new,12
u00069,new,80
u00070,new,0
u00071,new,74
u00072,new,93
u00073,new,19
u00074,new,116
u00075,new,85
u00076,new,145
u00077,new,119
u00078,new,67
u00079,new,70
u00080,new,107
u00081,new,102
u00082,new,0
u00083,new,135
u00084,new,46
u00085,new,148
u00086,new,90
u00087,new,41
u00088,new,79
u00089,new,166
u00090,new,35
u00091,new,0
u00092,new,64
u00093,new,155
u00094,new,175
u00095,new,141
u00096,new,0
u00097,new,65
u00098,new,51
u00099,new,69
u00100,new,14
u00101,new,63
u00102,new,8
u00103,new,219
u00104,new,83
u00105,new,48
u00106,new,5
u00107,new,137
u00108,new,115
u00109,new,149
u00110,new,100
u00111,new,51
u00112,new,36
u00113,new,34
u00114,new,55
u00115,new,121
u00116,new,46
u00117,new,97
u00118,new,125
u00119,new,52
u00120,new,138
u00121,new,105
u00122,new,102
u00123,new,78
u00124,new,90
u00125,new,28
u00126,new,29
u00127,new,95
u00128,new,133
u00129,new,66
u00130,new,110
u00131,new,66
u00132,new,33
u00133,new,80
u00134,new,103
u00135,new,38
u00136,new,44
u00137,new,50
u00138,new,90
u00139,new,0
u00140,new,96
u00141,new,95
u00142,new,92
u00143,new,46
u00144,new,96
u00145,new,13
u00146,new,34
u00147,new,127
u00148,new,0
u00149,new,41
u00150,new,45
u00151,new,118
u00152,new,0
u00153,new,44
u00154,new,14
u00155,new,179
u00156,new,63
u00157,new,48
u00158,new,86
u00159,new,131
u00160,new,0
u00161,new,15
u00162,new,93
u00163,new,42
u00164,new,0
u00165,new,37
u00166,new,89
u00167,new,99
u00168,new,197
u00169,new,0
u00170,new,0
u00171,new,7
u00172,new,138
u00173,new,26
u00174,new,0
u00175,new,128
u00176,new,35
u00177,new,146
u00178,new,92
u00179,new,40
u00180,new,133
u00181,new,128
u00182,new,170
u00183,new,55
u00184,new,60
u00185,new,168
u00186,new,146
u00187,new,95
u00188,new,28
u00189,new,17
u00190,new,0
u00191,new,20
u00192,new,67
u00193,new,8
u00194,new,123
u00195,new,0
u00196,new,31
u00197,new,39
u00198,new,116
u00199,new,111
u00200,new,6
u00201,new,93
u00202,new,17
u00203,new,97
u00204,new,6
u00205,new,87
u00206,new,168
u00207,new,202
u00208,new,145
u00209,new,18
u00210,new,48
u00211,new,24
u00212,new,43
u00213,new,0
u00214,new,42
u00215,new,147
u00216,new,214
u00217,new,106
u00218,new,92
u00219,new,120
u00220,new,0
u00221,new,29
u00222,new,128
u00223,new,66
u00224,new,57
u00225,new,131
u00226,new,0
u00227,new,150
u00228,new,31
u00229,new,113
u00230,new,80
u00231,new,123
u00232,new,139
u00233,new,19
u00234,new,130
u00235,new,110
u00236,new,165
u00237,new,48
u00238,new,151
u00239,new,123
u00240,new,53
u00241,new,140
u00242,new,57
u00243,new,134
u00244,new,73
u00245,new,86
u00246,new,84
u00247,new,140
u00248,new,74
u00249,new,114
u00250,new,115
u00251,new,28
u00252,new,135
u00253,new,168
u00254,new,110
u00255,new,104
u00256,new,28
u00257,new,157
u00258,new,0
u00259,new,88
u00260,new,172
u00261,new,38
u00262,new,112
u00263,new,36
u00264,new,119
u00265,new,0
u00266,new,55
u00267,new,41
u00268,new,86
u00269,new,0
u00270,new,170
u00271,new,98
u00272,new,50
u00273,new,169
u00274,new,78
u00275,new,95
u00276,new,97
u00277,new,175
u00278,new,89
u00279,new,15
u00280,new,85
u00281,new,105
u00282,new,78
u00283,new,41
u00284,new,31
u00285,new,0
u00286,new,108
u00287,new,29
u00288,new,41
u00289,new,110
u00290,new,144
u00291,new,17
u00292,new,58
u00293,new,56
u00294,new,110
u00295,new,17
u00296,new,31
u00297,new,105
u00298,new,43
u00299,new,18
u00300,new,79
u00301,new,25
u00302,new,63
u00303,new,157
u00304,new,69
u00305,new,71
u00306,new,51
u00307,new,0
u00308,new,90
u00309,new,141
u00310,new,155
u00311,new,251
u00312,new,62
u00313,new,92
u00314,new,13
u00315,new,191
u00316,new,139
u00317,new,137
u00318,new,115
u00319,new,72
u00320,new,0
u00321,new,155
u00322,new,120
u00323,new,95
u00324,new,30
u00325,new,132
u00326,new,97
u00327,new,92
u00328,new,13
u00329,new,12
u00330,new,74
u00331,new,73
u00332,new,17
u00333,new,184
u00334,new,53
u00335,new,76
u00336,new,95
u00337,new,168
u00338,new,33
u00339,new,68
u00340,new,3
u00341,new,142
u00342,new,105
u00343,new,89
u00344,new,97
u00345,new,188
u00346,new,73
u00347,new,44
u00348,new,45
u00349,new,141
u00350,new,115
u00351,new,108
u00352,new,41
u00353,new,112
u00354,new,116
u00355,new,86
u00356,new,72
u00357,new,108
u00358,new,103
u00359,new,51
u00360,new,61
u00361,new,0
u00362,new,115
u00363,new,73
u00364,new,172
u00365,new,0
u00366,new,90
u00367,new,115
u00368,new,38
u00369,new,108
u00370,new,96
u00371,new,111
u00372,new,66
u00373,new,0
u00374,new,84
u00375,new,85
u00376,new,36
u00377,new,0
u00378,new,111
u00379,new,103
u00380,new,174
u00381,new,31
u00382,new,151
u00383,new,81
u00384,new,50
u00385,new,109
u00386,new,132
u00387,new,48
u00388,new,174
u00389,new,81
u00390,new,6
u00391,new,11
u00392,new,144
u00393,new,46
u00394,new,85
u00395,new,86
u00396,new,73
u00397,new,138
u00398,new,51
u00399,new,13
u00400,new,0
u00401,new,72
u00402,new,64
u00403,new,154
u00404,new,37
u00405,new,141
u00406,new,62
u00407,new,183
u00408,new,21
u00409,new,55
u00410,new,120
u00411,new,151
u00412,new,130
u00413,new,0
u00414,new,145
u00415,new,79
u00416,new,0
u00417,new,46
u00418,new,59
u00419,new,32
u00420,new,158
u00421,new,112
u00422,new,148
u00423,new,27
u00424,new,0
u00425,new,107
u00426,new,82
u00427,new,131
u00428,new,119
u00429,new,89
u00430,new,128
u00431,new,84
u00432,new,92
u00433,new,198
u00434,new,157
u00435,new,16
u00436,new,0
u00437,new,161
u00438,new,53
u00439,new,72
u00440,new,50
u00441,new,99
u00442,new,55
u00443,new,8
u00444,new,0
u00445,new,0
u00446,new,16
u00447,new,153
u00448,new,23
u00449,new,78
u00450,new,147
u00451,new,158
u00452,new,46
u00453,new,122
u00454,new,57
u00455,new,0
u00456,new,137
u00457,new,86
u00458,new,27
u00459,new,92
u00460,new,100
u00461,new,89
u00462,new,21
u00463,new,69
u00464,new,98
u00465,new,125
u00466,new,67
u00467,new,15
u00468,new,105
u00469,new,154
u00470,new,44
u00471,new,110
u00472,new,142
u00473,new,143
u00474,new,160
u00475,new,97
u00476,new,164
u00477,new,161
u00478,new,30
u00479,new,98
u00480,new,94
u00481,new,38
u00482,new,60
u00483,new,0
u00484,new,122
u00485,new,130
u00486,new,149
u00487,new,160
u00488,new,43
u00489,new,70
u00490,new,172
u00491,new,144
u00492,new,35
u00493,new,0
u00494,new,66
u00495,new,15
u00496,new,83
u00497,new,138
u00498,new,0
u00499,new,96
u00500,new,7
u00501,new,228
u00502,new,83
u00503,new,108
u00504,new,17
u00505,new,0
u00506,new,22
u00507,new,22
u00508,new,150
u00509,new,11
u00510,new,129
u00511,new,105
u00512,new,73
u00513,new,0
u00514,new,47
u00515,new,138
u00516,new,112
u00517,new,88
u00518,new,0
u00519,new,87
u00520,new,95
u00521,new,50
u00522,new,105
u00523,new,37
u00524,new,0
u00525,new,41
u00526,new,38
u00527,new,153
u00528,new,123
u00529,new,76
u00530,new,47
u00531,new,113
u00532,new,169
u00533,new,21
u00534,new,41
u00535,new,149
u00536,new,108
u00537,new,53
u00538,new,149
u00539,new,113
u00540,new,23
u00541,new,96
u00542,new,79
u00543,new,179
u00544,new,116
u00545,new,109
u00546,new,87
u00547,new,111
u00548,new,0
u00549,new,0
u00550,new,103
u00551,new,103
u00552,new,55
u00553,new,0
u00554,new,14
u00555,new,112
u00556,new,87
u00557,new,41
u00558,new,24
u00559,new,95
u00560,new,70
u00561,new,70
u00562,new,49
u00563,new,89
u00564,new,96
u00565,new,42
u00566,new,179
u00567,new,44
u00568,new,89
u00569,new,0
u00570,new,20
u00571,new,135
u00572,new,123
u00573,new,92
u00574,new,39
u00575,new,101
u00576,new,20
u00577,new,144
u00578,new,0
u00579,new,56
u00580,new,32
u00581,new,157
u00582,new,68
u00583,new,154
u00584,new,166
u00585,new,107
u00586,new,0
u00587,new,34
u00588,new,50
u00589,new,104
u00590,new,102
u00591,new,0
u00592,new,127
u00593,new,19
u00594,new,58
u00595,new,95
u00596,new,72
u00597,new,174
u00598,new,148
u00599,new,0
u00600,new,12
u00601,new,148
u00602,new,86
u00603,new,117
u00604,new,81
u00605,new,153
u00606,new,126
u00607,new,127
u00608,new,39
u00609,new,116
u00610,new,0
u00611,new,65
u00612,new,41
u00613,new,33
u00614,new,23
u00615,new,0
u00616,new,154
u00617,new,67
u00618,new,69
u00619,new,110
u00620,new,143
u00621,new,160
u00622,new,54
u00623,new,91
u00624,new,25
u00625,new,123
u00626,new,81
u00627,new,134
u00628,new,129
u00629,new,126
u00630,new,112
u00631,new,85
u00632,new,5
u00633,new,99
u00634,new,181
u00635,new,53
u00636,new,39
u00637,new,117
u00638,new,180
u00639,new,17
u00640,new,0
u00641,new,43
u00642,new,85
u00643,new,71
u00644,new,64
u00645,new,49
u00646,new,41
u00647,new,30
u00648,new,101
u00649,new,114
u00650,new,0
u00651,new,174
u00652,new,106
u00653,new,113
u00654,new,63
u00655,new,95
u00656,new,12
u00657,new,175
u00658,new,164
u00659,new,65
u00660,new,0
u00661,new,61
u00662,new,115
u00663,new,56
u00664,new,32
u00665,new,89
u00666,new,27
u00667,new,160
u00668,new,136
u00669,new,119
u00670,new,37
u00671,new,92
u00672,new,146
u00673,new,0
u00674,new,92
u00675,new,164
u00676,new,188
u00677,new,22
u00678,new,96
u00679,new,142
u00680,new,152
u00681,new,0
u00682,new,0
u00683,new,89
u00684,new,109
u00685,new,72
u00686,new,60
u00687,new,156
u00688,new,168
u00689,new,44
u00690,new,89
u00691,new,10
u00692,new,184
u00693,new,0
u00694,new,15
u00695,new,26
u00696,new,17
u00697,new,156
u00698,new,219
u00699,new,95
u00700,new,59
u00701,new,123
u00702,new,25
u00703,new,160
u00704,new,77
u00705,new,105
u00706,new,38
u00707,new,67
u00708,new,0
u00709,new,81
u00710,new,133
u00711,new,0
u00712,new,19
u00713,new,51
u00714,new,61
u00715,new,74
u00716,new,77
u00717,new,97
u00718,new,77
u00719,new,0
u00720,new,98
u00721,new,152
u00722,new,95
u00723,new,0
u00724,new,93
u00725,new,108
u00726,new,20
u00727,new,84
u00728,new,156
u00729,new,177
u00730,new,87
u00731,new,110
u00732,new,70
u00733,new,55
u00734,new,163
u00735,new,137
u00736,new,117
u00737,new,48
u00738,new,168
u00739,new,142
u00740,new,2
u00741,new,145
u00742,new,90
u00743,new,96
u00744,new,0
u00745,new,0
u00746,new,139
u00747,new,33
u00748,new,128
u00749,new,0
u00750,new,0
u00751,new,194
u00752,new,134
u00753,new,72
u00754,new,93
u00755,new,37
u00756,new,101
u00757,new,150
u00758,new,55
u00759,new,109
u00760,new,0
u00761,new,188
u00762,new,140
u00763,new,78
u00764,new,59
u00765,new,164
u00766,new,49
u00767,new,102
u00768,new,61
u00769,new,24
u00770,new,142
u00771,new,55
u00772,new,107
u00773,new,59
u00774,new,71
u00775,new,69
u00776,new,40
u00777,new,123
u00778,new,74
u00779,new,131
u00780,new,124
u00781,new,153
u00782,new,50
u00783,new,119
u00784,new,69
u00785,new,78
u00786,new,37
u00787,new,51
u00788,new,117
u00789,new,59
u00790,new,36
u00791,new,130
u00792,new,101
u00793,new,6
u00794,new,86
u00795,new,147
u00796,new,145
u00797,new,47
u00798,new,13
u00799,new,58
u00800,new,160
u00801,new,124
u00802,new,0
u00803,new,131
u00804,new,0
u00805,new,195
u00806,new,130
u00807,new,56
u00808,new,86
u00809,new,119
u00810,new,50
u00811,new,107
u00812,new,72
u00813,new,64
u00814,new,171
u00815,new,0
u00816,new,82
u00817,new,0
u00818,new,69
u00819,new,37
u00820,new,232
u00821,new,49
u00822,new,71
u00823,new,42
u00824,new,133
u00825,new,49
u00826,new,40
u00827,new,192
u00828,new,126
u00829,new,96
u00830,new,224
u00831,new,42
u00832,new,31
u00833,new,32
u00834,new,152
u00835,new,42
u00836,new,151
u00837,new,42
u00838,new,0
u00839,new,31
u00840,new,97
u00841,new,151
u00842,new,158
u00843,new,101
u00844,new,121
u00845,new,0
u00846,new,95
u00847,new,82
u00848,new,61
u00849,new,40
u00850,new,132
u00851,new,148
u00852,new,197
u00853,new,68
u00854,new,32
u00855,new,193
u00856,new,60
u00857,new,48
u00858,new,0
u00859,new,105
u00860,new,116
u00861,new,130
u00862,new,93
u00863,new,112
u00864,new,113
u00865,new,110
u00866,new,150
u00867,new,131
u00868,new,91
u00869,new,47
u00870,new,128
u00871,new,45
u00872,new,71
u00873,new,37
u00874,new,207
u00875,new,21
u00876,new,119
u00877,new,120
u00878,new,132
u00879,new,77
u00880,new,85
u00881,new,68
u00882,new,0
u00883,new,34
u00884,new,161
u00885,new,31
u00886,new,88
u00887,new,238
u00888,new,21
u00889,new,49
u00890,new,64
u00891,new,0
u00892,new,27
u00893,new,0
u00894,new,112
u00895,new,65
u00896,new,0
u00897,new,128
u00898,new,138
u00899,new,58
u00900,new,136
u00901,new,115
u00902,new,25
u00903,new,96
u00904,new,91
u00905,new,29
u00906,new,18
u00907,new,104
u00908,new,218
u00909,new,77
u00910,new,92
u00911,new,16
u00912,new,64
u00913,new,67
u00914,new,57
u00915,new,40
u00916,new,77
u00917,new,46
u00918,new,154
u00919,new,202
u00920,new,34
u00921,new,58
u00922,new,106
u00923,new,114
u00924,new,34
u00925,new,45
u00926,new,115
u00927,new,0
u00928,new,212
u00929,new,98
u00930,new,61
u00931,new,70
u00932,new,15
u00933,new,188
u00934,new,74
u00935,new,53
u00936,new,185
u00937,new,141
u00938,new,68
u00939,new,106
u00940,new,60
u00941,new,58
u00942,new,66
u00943,new,97
u00944,new,145
u00945,new,198
u00946,new,0
u00947,new,219
u00948,new,141
u00949,new,80
u00950,new,54
u00951,new,0
u00952,new,151
u00953,new,14
u00954,new,119
u00955,new,55
u00956,new,0
u00957,new,105
u00958,new,109
u00959,new,23
u00960,new,131
u00961,new,188
u00962,new,109
u00963,new,105
u00964,new,35
u00965,new,17
u00966,new,55
u00967,new,84
u00968,new,80
u00969,new,68
u00970,new,229
u00971,new,114
u00972,new,21
u00973,new,7
u00974,new,0
u00975,new,19
u00976,new,114
u00977,new,62
u00978,new,38
u00979,new,115
u00980,new,112
u00981,new,102
u00982,new,79
u00983,new,77
u00984,new,0
u00985,new,0
u00986,new,31
u00987,new,32
u00988,new,30
u00989,new,69
u00990,new,51
u00991,new,1
u00992,new,73
u00993,new,100
u00994,new,50
u00995,new,129
u00996,new,98
u00997,new,103
u00998,new,57
u00999,new,104
u01000,new,120
u01001,new,0
u01002,new,144
u01003,new,49
u01004,new,119
u01005,new,0
u01006,new,53
u01007,new,0
u01008,new,71
u01009,new,90
u01010,new,104
u01011,new,81
u01012,new,4
u01013,new,158
u01014,new,0
u01015,new,59
u01016,new,33
u01017,new,43
u01018,new,0
u01019,new,145
u01020,new,124
u01021,new,84
u01022,new,71
u01023,new,22
u01024,new,73
u01025,new,25
u01026,new,85
u01027,new,103
u01028,new,65
u01029,new,103
u01030,new,115
u01031,new,128
u01032,new,198
u01033,new,0
u01034,new,5
u01035,new,7
u01036,new,68
u01037,new,0
u01038,new,48
u01039,new,130
u01040,new,123
u01041,new,178
u01042,new,131
u01043,new,140
u01044,new,48
u01045,new,58
u01046,new,132
u01047,new,131
u01048,new,0
u01049,new,0
u01050,new,21
u01051,new,28
u01052,new,159
u01053,new,188
u01054,new,99
u01055,new,100
u01056,new,196
u01057,new,106
u01058,new,113
u01059,new,102
u01060,new,102
u01061,new,160
u01062,new,123
u01063,new,85
u01064,new,56
u01065,new,95
u01066,new,0
u01067,new,107
u01068,new,87
u01069,new,99
u01070,new,10
u01071,new,108
u01072,new,90
u01073,new,79
u01074,new,102
u01075,new,30
u01076,new,0
u01077,new,107
u01078,new,0
u01079,new,115
u01080,new,204
u01081,new,102
u01082,new,131
u01083,new,177
u01084,new,142
u01085,new,216
u01086,new,27
u01087,new,59
u01088,new,108
u01089,new,0
u01090,new,79
u01091,new,84
u01092,new,157
u01093,new,144
u01094,new,125
u01095,new,121
u01096,new,83
u01097,new,97
u01098,new,125
u01099,new,140
u01100,new,36
u01101,new,106
u01102,new,75
u01103,new,95
u01104,new,149
u01105,new,64
u01106,new,24
u01107,new,25
u01108,new,45
u01109,new,116
u01110,new,70
u01111,new,44
u01112,new,126
u01113,new,89
u01114,new,122
u01115,new,211
u01116,new,192
u01117,new,100
u01118,new,100
u01119,new,146
u01120,new,156
u01121,new,58
u01122,new,6
u01123,new,131
u01124,new,93
u01125,new,116
u01126,new,112
u01127,new,38
u01128,new,49
u01129,new,144
u01130,new,70
u01131,new,33
u01132,new,63
u01133,new,103
u01134,new,49
u01135,new,184
u01136,new,128
u01137,new,0
u01138,new,93
u01139,new,174
u01140,new,277
u01141,new,51
u01142,new,81
u01143,new,0
u01144,new,113
u01145,new,108
u01146,new,96
u01147,new,14
u01148,new,126
u01149,new,189
u01150,new,161
u01151,new,101
u01152,new,76
u01153,new,133
u01154,new,71
u01155,new,0
u01156,new,0
u01157,new,162
u01158,new,159
u01159,new,72
u01160,new,32
u01161,new,61
u01162,new,2
u01163,new,64
u01164,new,184
u01165,new,42
u01166,new,32
u01167,new,0
u01168,new,92
u01169,new,23
u01170,new,119
u01171,new,61
u01172,new,180
u01173,new,115
u01174,new,108
u01175,new,0
u01176,new,81
u01177,new,98
u01178,new,100
u01179,new,101
u01180,new,87
u01181,new,9
u01182,new,0
u01183,new,13
u01184,new,140
u01185,new,128
u01186,new,148
u01187,new,99
u01188,new,93
u01189,new,81
u01190,new,0
u01191,new,90
u01192,new,41
u01193,new,43
u01194,new,20
u01195,new,75
u01196,new,134
u01197,new,127
u01198,new,21
u01199,new,94
u01200,new,75
u01201,active,145
u01202,active,1326
u01203,active,691
u01204,active,1182
u01205,active,633
u01206,active,1261
u01207,active,1449
u01208,active,1054
u01209,active,1167
u01210,active,688
u01211,active,823
u01212,active,502
u01213,active,1371
u01214,active,1424
u01215,active,758
u01216,active,965
u01217,active,683
u01218,active,426
u01219,active,744
u01220,active,471
u01221,active,173
u01222,active,1068
u01223,active,551
u01224,active,933
u01225,active,0
u01226,active,985
u01227,active,673
u01228,active,699
u01229,active,1298
u01230,active,901
u01231,active,1069
u01232,active,971
u01233,active,1142
u01234,active,633
u01235,active,945
u01236,active,856
u01237,active,1233
u01238,active,719
u01239,active,1251
u01240,active,1161
u01241,active,717
u01242,active,1240
u01243,active,790
u01244,active,693
u01245,active,629
u01246,active,520
u01247,active,1074
u01248,active,871
u01249,active,827
u01250,active,1291
u01251,active,1302
u01252,active,993
u01253,active,175
u01254,active,1144
u01255,active,166
u01256,active,592
u01257,active,885
u01258,active,1563
u01259,active,0
u01260,active,337
u01261,active,663
u01262,active,1226
u01263,active,297
u01264,active,629
u01265,active,1435
u01266,active,1302
u01267,active,706
u01268,active,1355
u01269,active,984
u01270,active,587
u01271,active,664
u01272,active,698
u01273,active,518
u01274,active,1133
u01275,active,1353
u01276,active,373
u01277,active,1216
u01278,active,532
u01279,active,920
u01280,active,1071
u01281,active,1355
u01282,active,940
u01283,active,1049
u01284,active,1601
u01285,active,1596
u01286,active,1371
u01287,active,1250
u01288,active,1153
u01289,active,1605
u01290,active,1244
u01291,active,678
u01292,active,992
u01293,active,1114
u01294,active,392
u01295,active,718
u01296,active,1634
u01297,active,495
u01298,active,1153
u01299,active,1075
u01300,active,1336
u01301,active,639
u01302,active,639
u01303,active,971
u01304,active,698
u01305,active,1569
u01306,active,1022
u01307,active,1291
u01308,active,551
u01309,active,1186
u01310,active,1945
u01311,active,928
u01312,active,501
u01313,active,1405
u01314,active,760
u01315,active,434
u01316,active,498
u01317,active,477
u01318,active,1159
u01319,active,610
u01320,active,602
u01321,active,801
u01322,active,1120
u01323,active,1306
u01324,active,1443
u01325,active,817
u01326,active,1356
u01327,active,635
u01328,active,1634
u01329,active,1198
u01330,active,1056
u01331,active,314
u01332,active,1339
u01333,active,762
u01334,active,705
u01335,active,621
u01336,active,707
u01337,active,1147
u01338,active,1120
u01339,active,970
u01340,active,1699
u01341,active,450
u01342,active,1064
u01343,active,418
u01344,active,1175
u01345,active,1179
u01346,active,1004
u01347,active,1152
u01348,active,1183
u01349,active,1143
u01350,active,396
u01351,active,1300
u01352,active,1649
u01353,active,1399
u01354,active,845
u01355,active,1736
u01356,active,1048
u01357,active,1418
u01358,active,1223
u01359,active,1527
u01360,active,313
u01361,active,632
u01362,active,1159
u01363,active,854
u01364,active,804
u01365,active,1551
u01366,active,725
u01367,active,1073
u01368,active,1100
u01369,active,859
u01370,active,24
u01371,active,205
u01372,active,846
u01373,active,1830
u01374,active,661
u01375,active,940
u01376,active,1781
u01377,active,965
u01378,active,1153
u01379,active,1074
u01380,active,614
u01381,active,606
u01382,active,749
u01383,active,947
u01384,active,656
u01385,active,752
u01386,active,1054
u01387,active,1429
u01388,active,1893
u01389,active,665
u01390,active,1063
u01391,active,557
u01392,active,702
u01393,active,261
u01394,active,1640
u01395,active,779
u01396,active,1333
u01397,active,528
u01398,active,12
u01399,active,1633
u01400,active,303
u01401,active,536
u01402,active,1431
u01403,active,985
u01404,active,875
u01405,active,1483
u01406,active,836
u01407,active,1270
u01408,active,455
u01409,active,1520
u01410,active,727
u01411,active,1021
u01412,active,662
u01413,active,624
u01414,active,838
u01415,active,1316
u01416,active,852
u01417,active,1027
u01418,active,761
u01419,active,1479
u01420,active,363
u01421,active,279
u01422,active,1515
u01423,active,85
u01424,active,1638
u01425,active,943
u01426,active,1123
u01427,active,1079
u01428,active,686
u01429,active,1157
u01430,active,1764
u01431,active,1438
u01432,active,665
u01433,active,1445
u01434,active,481
u01435,active,862
u01436,active,1008
u01437,active,1447
u01438,active,395
u01439,active,1370
u01440,active,785
u01441,active,294
u01442,active,1349
u01443,active,783
u01444,active,148
u01445,active,1268
u01446,active,275
u01447,active,798
u01448,active,499
u01449,active,625
u01450,active,1385
u01451,active,1203
u01452,active,346
u01453,active,859
u01454,active,977
u01455,active,1492
u01456,active,1134
u01457,active,465
u01458,active,433
u01459,active,1215
u01460,active,1255
u01461,active,709
u01462,active,699
u01463,active,1153
u01464,active,1065
u01465,active,0
u01466,active,841
u01467,active,1279
u01468,active,356
u01469,active,1298
u01470,active,450
u01471,active,1042
u01472,active,611
u01473,active,303
u01474,active,1038
u01475,active,909
u01476,active,1558
u01477,active,1282
u01478,active,314
u01479,active,1081
u01480,active,1342
u01481,active,1289
u01482,active,1694
u01483,active,1731
u01484,active,667
u01485,active,1105
u01486,active,1910
u01487,active,1461
u01488,active,681
u01489,active,340
u01490,active,327
u01491,active,1212
u01492,active,906
u01493,active,876
u01494,active,718
u01495,active,605
u01496,active,1196
u01497,active,938
u01498,active,1122
u01499,active,295
u01500,active,1665
u01501,active,1421
u01502,active,1378
u01503,active,124
u01504,active,1306
u01505,active,376
u01506,active,1121
u01507,active,1415
u01508,active,1378
u01509,active,1240
u01510,active,1691
u01511,active,1016
u01512,active,627
u01513,active,738
u01514,active,957
u01515,active,1285
u01516,active,524
u01517,active,1276
u01518,active,940
u01519,active,766
u01520,active,576
u01521,active,761
u01522,active,1072
u01523,active,872
u01524,active,1251
u01525,active,305
u01526,active,362
u01527,active,535
u01528,active,1393
u01529,active,894
u01530,active,964
u01531,active,1186
u01532,active,1212
u01533,active,736
u01534,active,379
u01535,active,806
u01536,active,338
u01537,active,923
u01538,active,643
u01539,active,1064
u01540,active,1028
u01541,active,804
u01542,active,1203
u01543,active,2084
u01544,active,212
u01545,active,1920
u01546,active,560
u01547,active,408
u01548,active,565
u01549,active,1243
u01550,active,1036
u01551,active,701
u01552,active,718
u01553,active,646
u01554,active,1186
u01555,active,1451
u01556,active,847
u01557,active,678
u01558,active,799
u01559,active,26
u01560,active,928
u01561,active,1103
u01562,active,802
u01563,active,748
u01564,active,1398
u01565,active,1075
u01566,active,1105
u01567,active,1151
u01568,active,1007
u01569,active,1475
u01570,active,402
u01571,active,937
u01572,active,36
u01573,active,781
u01574,active,1751
u01575,active,436
u01576,active,508
u01577,active,920
u01578,active,1295
u01579,active,1222
u01580,active,732
u01581,active,1629
u01582,active,926
u01583,active,1405
u01584,active,1587
u01585,active,556
u01586,active,352
u01587,active,1164
u01588,active,1024
u01589,active,963
u01590,active,1057
u01591,active,909
u01592,active,1574
u01593,active,0
u01594,active,1458
u01595,active,1053
u01596,active,899
u01597,active,560
u01598,active,1442
u01599,active,485
u01600,active,993
u01601,active,1405
u01602,active,287
u01603,active,1076
u01604,active,1074
u01605,active,1120
u01606,active,763
u01607,active,1184
u01608,active,1365
u01609,active,829
u01610,active,1783
u01611,active,495
u01612,active,678
u01613,active,1431
u01614,active,863
u01615,active,575
u01616,active,771
u01617,active,1555
u01618,active,1267
u01619,active,579
u01620,active,200
u01621,active,1546
u01622,active,1048
u01623,active,780
u01624,active,586
u01625,active,121
u01626,active,421
u01627,active,1070
u01628,active,752
u01629,active,1608
u01630,active,1317
u01631,active,713
u01632,active,579
u01633,active,1466
u01634,active,800
u01635,active,2007
u01636,active,988
u01637,active,404
u01638,active,133
u01639,active,655
u01640,active,1528
u01641,active,851
u01642,active,0
u01643,active,699
u01644,active,833
u01645,active,1497
u01646,active,1123
u01647,active,890
u01648,active,1071
u01649,active,1839
u01650,active,1373
u01651,active,653
u01652,active,1223
u01653,active,1402
u01654,active,1881
u01655,active,1064
u01656,active,820
u01657,active,1093
u01658,active,759
u01659,active,1010
u01660,active,628
u01661,active,959
u01662,active,367
u01663,active,1287
u01664,active,1269
u01665,active,289
u01666,active,1248
u01667,active,725
u01668,active,1515
u01669,active,1351
u01670,active,1384
u01671,active,1186
u01672,active,532
u01673,active,119
u01674,active,1004
u01675,active,440
u01676,active,1025
u01677,active,354
u01678,active,1262
u01679,active,1156
u01680,active,438
u01681,active,564
u01682,active,1119
u01683,active,1304
u01684,active,1041
u01685,active,672
u01686,active,1014
u01687,active,859
u01688,active,736
u01689,active,386
u01690,active,966
u01691,active,622
u01692,active,898
u01693,active,144
u01694,active,1284
u01695,active,725
u01696,active,981
u01697,active,1550
u01698,active,1571
u01699,active,1214
u01700,active,541
u01701,active,914
u01702,active,1070
u01703,active,1057
u01704,active,1006
u01705,active,1278
u01706,active,1213
u01707,active,1437
u01708,active,1279
u01709,active,672
u01710,active,822
u01711,active,944
u01712,active,1115
u01713,active,753
u01714,active,945
u01715,active,817
u01716,active,736
u01717,active,1115
u01718,active,1313
u01719,active,1658
u01720,active,1359
u01721,active,793
u01722,active,1458
u01723,active,377
u01724,active,1116
u01725,active,726
u01726,active,729
u01727,active,1742
u01728,active,781
u01729,active,1048
u01730,active,1186
u01731,active,939
u01732,active,405
u01733,active,1081
u01734,active,813
u01735,active,907
u01736,active,940
u01737,active,1132
u01738,active,1114
u01739,active,342
u01740,active,1037
u01741,active,1655
u01742,active,186
u01743,active,579
u01744,active,674
u01745,active,155
u01746,active,217
u01747,active,566
u01748,active,1409
u01749,active,803
u01750,active,576
u01751,active,882
u01752,active,1145
u01753,active,1144
u01754,active,966
u01755,active,2006
u01756,active,1055
u01757,active,1123
u01758,active,737
u01759,active,605
u01760,active,484
u01761,active,434
u01762,active,1170
u01763,active,1014
u01764,active,697
u01765,active,809
u01766,active,1373
u01767,active,867
u01768,active,963
u01769,active,1065
u01770,active,1148
u01771,active,647
u01772,active,0
u01773,active,169
u01774,active,1091
u01775,active,719
u01776,active,813
u01777,active,263
u01778,active,629
u01779,active,997
u01780,active,965
u01781,active,518
u01782,active,488
u01783,active,1720
u01784,active,850
u01785,active,906
u01786,active,413
u01787,active,637
u01788,active,839
u01789,active,489
u01790,active,986
u01791,active,487
u01792,active,652
u01793,active,630
u01794,active,285
u01795,active,318
u01796,active,998
u01797,active,537
u01798,active,875
u01799,active,891
u01800,active,1082
u01801,active,1274
u01802,active,690
u01803,active,489
u01804,active,1027
u01805,active,1292
u01806,active,811
u01807,active,923
u01808,active,872
u01809,active,888
u01810,active,1203
u01811,active,788
u01812,active,1191
u01813,active,1115
u01814,active,1810
u01815,active,661
u01816,active,1410
u01817,active,1271
u01818,active,460
u01819,active,1176
u01820,active,1194
u01821,active,706
u01822,active,0
u01823,active,1248
u01824,active,431
u01825,active,881
u01826,active,240
u01827,active,1187
u01828,active,215
u01829,active,715
u01830,active,724
u01831,active,947
u01832,active,356
u01833,active,1133
u01834,active,1143
u01835,active,804
u01836,active,836
u01837,active,0
u01838,active,1592
u01839,active,859
u01840,active,1208
u01841,active,1023
u01842,active,972
u01843,active,1225
u01844,active,694
u01845,active,1357
u01846,active,1580
u01847,active,1030
u01848,active,887
u01849,active,1341
u01850,active,1115
u01851,active,800
u01852,active,813
u01853,active,1000
u01854,active,1254
u01855,active,748
u01856,active,1266
u01857,active,1735
u01858,active,1187
u01859,active,924
u01860,active,1177
u01861,active,773
u01862,active,502
u01863,active,646
u01864,active,402
u01865,active,1334
u01866,active,759
u01867,active,209
u01868,active,1154
u01869,active,1095
u01870,active,1071
u01871,active,413
u01872,active,502
u01873,active,1654
u01874,active,708
u01875,active,1132
u01876,active,999
u01877,active,395
u01878,active,360
u01879,active,1148
u01880,active,825
u01881,active,837
u01882,active,1366
u01883,active,300
u01884,active,925
u01885,active,1418
u01886,active,1287
u01887,active,839
u01888,active,1137
u01889,active,1199
u01890,active,599
u01891,active,358
u01892,active,1295
u01893,active,971
u01894,active,1677
u01895,active,692
u01896,active,1348
u01897,active,1282
u01898,active,1147
u01899,active,961
u01900,active,571
u01901,active,833
u01902,active,752
u01903,active,959
u01904,active,531
u01905,active,1048
u01906,active,1662
u01907,active,598
u01908,active,1162
u01909,active,193
u01910,active,1150
u01911,active,1054
u01912,active,585
u01913,active,1170
u01914,active,991
u01915,active,1673
u01916,active,995
u01917,active,1107
u01918,active,891
u01919,active,501
u01920,active,1990
u01921,active,1023
u01922,active,1072
u01923,active,983
u01924,active,363
u01925,active,405
u01926,active,279
u01927,active,1478
u01928,active,1150
u01929,active,815
u01930,active,377
u01931,active,617
u01932,active,908
u01933,active,456
u01934,active,1299
u01935,active,628
u01936,active,837
u01937,active,909
u01938,active,74
u01939,active,1273
u01940,active,966
u01941,active,63
u01942,active,793
u01943,active,816
u01944,active,536
u01945,active,1089
u01946,active,1431
u01947,active,1088
u01948,active,385
u01949,active,678
u01950,active,158
u01951,active,1030
u01952,active,550
u01953,active,1060
u01954,active,1270
u01955,active,1301
u01956,active,1033
u01957,active,847
u01958,active,301
u01959,active,1822
u01960,active,1833
u01961,active,912
u01962,active,1122
u01963,active,489
u01964,active,794
u01965,active,960
u01966,active,714
u01967,active,1652
u01968,active,1074
u01969,active,701
u01970,active,786
u01971,active,1047
u01972,active,313
u01973,active,1142
u01974,active,934
u01975,active,1309
u01976,active,1092
u01977,active,688
u01978,active,682
u01979,active,1504
u01980,active,1121
u01981,active,1188
u01982,active,1187
u01983,active,913
u01984,active,512
u01985,active,1669
u01986,active,872
u01987,active,1465
u01988,active,914
u01989,active,1392
u01990,active,603
u01991,active,423
u01992,active,838
u01993,active,757
u01994,active,1214
u01995,active,1087
u01996,active,331
u01997,active,653
u01998,active,390
u01999,active,650
u02000,active,912
u02001,active,701
u02002,active,1416
u02003,active,1117
u02004,active,610
u02005,active,1464
u02006,active,1314
u02007,active,1028
u02008,active,804
u02009,active,1724
u02010,active,1269
u02011,active,519
u02012,active,1014
u02013,active,616
u02014,active,1307
u02015,active,538
u02016,active,695
u02017,active,702
u02018,active,1142
u02019,active,530
u02020,active,953
u02021,active,89
u02022,active,1290
u02023,active,0
u02024,active,1020
u02025,active,1049
u02026,active,750
u02027,active,1389
u02028,active,1401
u02029,active,1379
u02030,active,1403
u02031,active,1080
u02032,active,798
u02033,active,1055
u02034,active,1390
u02035,active,928
u02036,active,0
u02037,active,278
u02038,active,1670
u02039,active,620
u02040,active,705
u02041,active,1327
u02042,active,1308
u02043,active,1173
u02044,active,1007
u02045,active,101
u02046,active,1837
u02047,active,798
u02048,active,1385
u02049,active,1006
u02050,active,735
u02051,active,843
u02052,active,882
u02053,active,1610
u02054,active,432
u02055,active,1108
u02056,active,1672
u02057,active,746
u02058,active,964
u02059,active,480
u02060,active,1608
u02061,active,496
u02062,active,1208
u02063,active,163
u02064,active,605
u02065,active,1038
u02066,active,504
u02067,active,847
u02068,active,413
u02069,active,985
u02070,active,477
u02071,active,525
u02072,active,1056
u02073,active,188
u02074,active,1202
u02075,active,623
u02076,active,1588
u02077,active,739
u02078,active,597
u02079,active,993
u02080,active,1348
u02081,active,0
u02082,active,693
u02083,active,1453
u02084,active,534
u02085,active,462
u02086,active,313
u02087,active,811
u02088,active,447
u02089,active,1129
u02090,active,349
u02091,active,759
u02092,active,873
u02093,active,706
u02094,active,854
u02095,active,564
u02096,active,594
u02097,active,1441
u02098,active,1119
u02099,active,1118
u02100,active,1372
u02101,active,1111
u02102,active,827
u02103,active,1181
u02104,active,851
u02105,active,1648
u02106,active,1033
u02107,active,968
u02108,active,1575
u02109,active,1279
u02110,active,668
u02111,active,1141
u02112,active,438
u02113,active,851
u02114,active,1020
u02115,active,1006
u02116,active,883
u02117,active,567
u02118,active,1109
u02119,active,1172
u02120,active,680
u02121,active,941
u02122,active,1147
u02123,active,1146
u02124,active,1091
u02125,active,1139
u02126,active,1191
u02127,active,1239
u02128,active,1132
u02129,active,746
u02130,active,1083
u02131,active,683
u02132,active,716
u02133,active,1086
u02134,active,973
u02135,active,679
u02136,active,1174
u02137,active,647
u02138,active,1134
u02139,active,417
u02140,active,1478
u02141,active,1145
u02142,active,1135
u02143,active,957
u02144,active,418
u02145,active,282
u02146,active,979
u02147,active,801
u02148,active,1080
u02149,active,1365
u02150,active,1116
u02151,active,565
u02152,active,1203
u02153,active,706
u02154,active,1110
u02155,active,1189
u02156,active,742
u02157,active,1534
u02158,active,813
u02159,active,961
u02160,active,1458
u02161,active,1024
u02162,active,617
u02163,active,810
u02164,active,1042
u02165,active,772
u02166,active,746
u02167,active,1328
u02168,active,872
u02169,active,1645
u02170,active,885
u02171,active,541
u02172,active,851
u02173,active,1322
u02174,active,718
u02175,active,1397
u02176,active,952
u02177,active,1108
u02178,active,659
u02179,active,962
u02180,active,947
u02181,active,1369
u02182,active,763
u02183,active,325
u02184,active,508
u02185,active,678
u02186,active,1204
u02187,active,592
u02188,active,558
u02189,active,828
u02190,active,942
u02191,active,915
u02192,active,436
u02193,active,824
u02194,active,1331
u02195,active,1107
u02196,active,1103
u02197,active,646
u02198,active,837
u02199,active,450
u02200,active,1177
u02201,active,1287
u02202,active,857
u02203,active,798
u02204,active,616
u02205,active,902
u02206,active,1616
u02207,active,662
u02208,active,1037
u02209,active,1313
u02210,active,911
u02211,active,426
u02212,active,1085
u02213,active,1560
u02214,active,1011
u02215,active,934
u02216,active,929
u02217,active,98
u02218,active,1076
u02219,active,757
u02220,active,584
u02221,active,1443
u02222,active,568
u02223,active,988
u02224,active,454
u02225,active,1084
u02226,active,386
u02227,active,1038
u02228,active,996
u02229,active,1244
u02230,active,430
u02231,active,774
u02232,active,620
u02233,active,1238
u02234,active,257
u02235,active,793
u02236,active,1144
u02237,active,1019
u02238,active,335
u02239,active,1395
u02240,active,973
u02241,active,1349
u02242,active,780
u02243,active,964
u02244,active,1028
u02245,active,774
u02246,active,1834
u02247,active,841
u02248,active,1085
u02249,active,692
u02250,active,727
u02251,power,3067
u02252,power,2555
u02253,power,2345
u02254,power,3233
u02255,power,2825
u02256,power,5114
u02257,power,3035
u02258,power,2605
u02259,power,3754
u02260,power,4774
u02261,power,1756
u02262,power,4304
u02263,power,2246
u02264,power,2758
u02265,power,1947
u02266,power,2777
u02267,power,1951
u02268,power,2653
u02269,power,2896
u02270,power,3068
u02271,power,3428
u02272,power,3438
u02273,power,3129
u02274,power,4366
u02275,power,3351
u02276,power,4284
u02277,power,3318
u02278,power,2624
u02279,power,1977
u02280,power,686
u02281,power,2810
u02282,power,2159
u02283,power,3178
u02284,power,4353
u02285,power,1166
u02286,power,3805
u02287,power,1836
u02288,power,1531
u02289,power,5215
u02290,power,3880
u02291,power,524
u02292,power,4407
u02293,power,2995
u02294,power,4543
u02295,power,2366
u02296,power,3377
u02297,power,3305
u02298,power,1335
u02299,power,3315
u02300,power,3917
u02301,power,2338
u02302,power,3672
u02303,power,3791
u02304,power,3219
u02305,power,4220
u02306,power,3776
u02307,power,4653
u02308,power,3433
u02309,power,4136
u02310,power,3070
u02311,power,3809
u02312,power,3507
u02313,power,3597
u02314,power,3867
u02315,power,2914
u02316,power,2911
u02317,power,1577
u02318,power,3405
u02319,power,2144
u02320,power,2506
u02321,power,2854
u02322,power,3789
u02323,power,3717
u02324,power,3616
u02325,power,3037
u02326,power,3453
u02327,power,2397
u02328,power,4584
u02329,power,4659
u02330,power,2659
u02331,power,2082
u02332,power,2155
u02333,power,2364
u02334,power,2361
u02335,power,3473
u02336,power,3363
u02337,power,3963
u02338,power,3362
u02339,power,3390
u02340,power,2930
u02341,power,4604
u02342,power,4649
u02343,power,2487
u02344,power,3472
u02345,power,2966
u02346,power,2963
u02347,power,2693
u02348,power,2165
u02349,power,2954
u02350,power,4047
u02351,power,4438
u02352,power,4051
u02353,power,3328
u02354,power,4410
u02355,power,3129
u02356,power,3089
u02357,power,2005
u02358,power,4268
u02359,power,4111
u02360,power,2343
u02361,power,2068
u02362,power,4992
u02363,power,3403
u02364,power,2230
u02365,power,2922
u02366,power,3718
u02367,power,4167
u02368,power,3927
u02369,power,4647
u02370,power,3854
u02371,power,3607
u02372,power,4301
u02373,power,2749
u02374,power,2673
u02375,power,1929
u02376,power,3888
u02377,power,2568
u02378,power,3429
u02379,power,3292
u02380,power,2895
u02381,power,2836
u02382,power,4091
u02383,power,4660
u02384,power,2822
u02385,power,2497
u02386,power,4935
u02387,power,3281
u02388,power,2698
u02389,power,2902
u02390,power,3969
u02391,power,3122
u02392,power,3284
u02393,power,2039
u02394,power,2499
u02395,power,4201
u02396,power,3577
u02397,power,4108
u02398,power,1668
u02399,power,2676
u02400,power,3479
u02401,power,3803
u02402,power,5073
u02403,power,3380
u02404,power,2397
u02405,power,2515
u02406,power,1994
u02407,power,4410
u02408,power,3061
u02409,power,2622
u02410,power,4232
u02411,power,4411
u02412,power,2913
u02413,power,2732
u02414,power,3461
u02415,power,1676
u02416,power,3649
u02417,power,3811
u02418,power,3365
u02419,power,3839
u02420,power,3214
u02421,power,3355
u02422,power,4449
u02423,power,3301
u02424,power,4662
u02425,power,3972
u02426,power,2962
u02427,power,3161
u02428,power,2591
u02429,power,4295
u02430,power,5698
u02431,power,2970
u02432,power,3467
u02433,power,3637
u02434,power,3283
u02435,power,3050
u02436,power,3772
u02437,power,1883
u02438,power,2414
u02439,power,3412
u02440,power,3260
u02441,power,3379
u02442,power,3727
u02443,power,4277
u02444,power,2254
u02445,power,2587
u02446,power,4167
u02447,power,3281
u02448,power,3369
u02449,power,4289
u02450,power,1549
u02451,power,4542
u02452,power,3378
u02453,power,2052
u02454,power,4291
u02455,power,4818
u02456,power,4555
u02457,power,2973
u02458,power,3827
u02459,power,3683
u02460,power,1967
u02461,power,5506
u02462,power,2306
u02463,power,5059
u02464,power,3173
u02465,power,3438
u02466,power,2971
u02467,power,4458
u02468,power,4810
u02469,power,3363
u02470,power,2636
u02471,power,2571
u02472,power,3803
u02473,power,1196
u02474,power,1752
u02475,power,3209
u02476,power,3476
u02477,power,2765
u02478,power,2811
u02479,power,1650
u02480,power,2848
u02481,power,3060
u02482,power,3462
u02483,power,3716
u02484,power,1446
u02485,power,4608
u02486,power,1299
u02487,power,3664
u02488,power,2794
u02489,power,4085
u02490,power,3696
u02491,power,3029
u02492,power,2917
u02493,power,1700
u02494,power,3118
u02495,power,2542
u02496,power,2351
u02497,power,2194
u02498,power,3208
u02499,power,2820
u02500,power,3983
u02501,power,2712
u02502,power,1858
u02503,power,2488
u02504,power,3223
u02505,power,1551
u02506,power,4382
u02507,power,2987
u02508,power,3076
u02509,power,3315
u02510,power,3795
u02511,power,3789
u02512,power,2515
u02513,power,2550
u02514,power,4970
u02515,power,1301
u02516,power,2286
u02517,power,2399
u02518,power,4009
u02519,power,3450
u02520,power,3481
u02521,power,2412
u02522,power,3486
u02523,power,2329
u02524,power,2693
u02525,power,2513
u02526,power,2545
u02527,power,2296
u02528,power,3386
u02529,power,3463
u02530,power,2459
u02531,power,2781
u02532,power,3581
u02533,power,3331
u02534,power,4489
u02535,power,2963
u02536,power,3488
u02537,power,3793
u02538,power,2298
u02539,power,2221
u02540,power,1959
u02541,power,3566
u02542,power,3017
u02543,power,3426
u02544,power,3308
u02545,power,3382
u02546,power,3766
u02547,power,2835
u02548,power,3871
u02549,power,3746
u02550,power,1948
u02551,lapsed,348
u02552,lapsed,883
u02553,lapsed,1496
u02554,lapsed,406
u02555,lapsed,427
u02556,lapsed,0
u02557,lapsed,453
u02558,lapsed,399
u02559,lapsed,249
u02560,lapsed,950
u02561,lapsed,483
u02562,lapsed,121
u02563,lapsed,92
u02564,lapsed,640
u02565,lapsed,229
u02566,lapsed,139
u02567,lapsed,0
u02568,lapsed,379
u02569,lapsed,598
u02570,lapsed,663
u02571,lapsed,492
u02572,lapsed,913
u02573,lapsed,63
u02574,lapsed,477
u02575,lapsed,533
u02576,lapsed,0
u02577,lapsed,362
u02578,lapsed,91
u02579,lapsed,487
u02580,lapsed,168
u02581,lapsed,615
u02582,lapsed,895
u02583,lapsed,353
u02584,lapsed,225
u02585,lapsed,55
u02586,lapsed,538
u02587,lapsed,142
u02588,lapsed,698
u02589,lapsed,917
u02590,lapsed,938
u02591,lapsed,966
u02592,lapsed,453
u02593,lapsed,558
u02594,lapsed,184
u02595,lapsed,21
u02596,lapsed,642
u02597,lapsed,0
u02598,lapsed,717
u02599,lapsed,160
u02600,lapsed,357
u02601,lapsed,940
u02602,lapsed,496
u02603,lapsed,572
u02604,lapsed,338
u02605,lapsed,676
u02606,lapsed,341
u02607,lapsed,140
u02608,lapsed,123
u02609,lapsed,0
u02610,lapsed,42
u02611,lapsed,621
u02612,lapsed,394
u02613,lapsed,133
u02614,lapsed,655
u02615,lapsed,474
u02616,lapsed,553
u02617,lapsed,122
u02618,lapsed,280
u02619,lapsed,524
u02620,lapsed,338
u02621,lapsed,721
u02622,lapsed,652
u02623,lapsed,869
u02624,lapsed,511
u02625,lapsed,227
u02626,lapsed,433
u02627,lapsed,1118
u02628,lapsed,745
u02629,lapsed,373
u02630,lapsed,633
u02631,lapsed,358
u02632,lapsed,323
u02633,lapsed,759
u02634,lapsed,548
u02635,lapsed,700
u02636,lapsed,944
u02637,lapsed,271
u02638,lapsed,513
u02639,lapsed,705
u02640,lapsed,658
u02641,lapsed,307
u02642,lapsed,435
u02643,lapsed,997
u02644,lapsed,252
u02645,lapsed,559
u02646,lapsed,568
u02647,lapsed,0
u02648,lapsed,614
u02649,lapsed,16
u02650,lapsed,484
u02651,lapsed,790
u02652,lapsed,271
u02653,lapsed,0
u02654,lapsed,412
u02655,lapsed,414
u02656,lapsed,456
u02657,lapsed,488
u02658,lapsed,505
u02659,lapsed,0
u02660,lapsed,742
u02661,lapsed,0
u02662,lapsed,313
u02663,lapsed,661
u02664,lapsed,190
u02665,lapsed,0
u02666,lapsed,194
u02667,lapsed,273
u02668,lapsed,1021
u02669,lapsed,0
u02670,lapsed,546
u02671,lapsed,359
u02672,lapsed,175
u02673,lapsed,5
u02674,lapsed,63
u02675,lapsed,522
u02676,lapsed,622
u02677,lapsed,814
u02678,lapsed,133
u02679,lapsed,0
u02680,lapsed,592
u02681,lapsed,577
u02682,lapsed,775
u02683,lapsed,0
u02684,lapsed,869
u02685,lapsed,459
u02686,lapsed,1025
u02687,lapsed,357
u02688,lapsed,837
u02689,lapsed,246
u02690,lapsed,1065
u02691,lapsed,265
u02692,lapsed,0
u02693,lapsed,491
u02694,lapsed,762
u02695,lapsed,800
u02696,lapsed,401
u02697,lapsed,539
u02698,lapsed,416
u02699,lapsed,823
u02700,lapsed,734
u02701,lapsed,269
u02702,lapsed,711
u02703,lapsed,413
u02704,lapsed,776
u02705,lapsed,306
u02706,lapsed,447
u02707,lapsed,249
u02708,lapsed,0
u02709,lapsed,55
u02710,lapsed,757
u02711,lapsed,605
u02712,lapsed,182
u02713,lapsed,567
u02714,lapsed,429
u02715,lapsed,651
u02716,lapsed,287
u02717,lapsed,417
u02718,lapsed,74
u02719,lapsed,764
u02720,lapsed,577
u02721,lapsed,455
u02722,lapsed,1153
u02723,lapsed,773
u02724,lapsed,848
u02725,lapsed,519
u02726,lapsed,266
u02727,lapsed,557
u02728,lapsed,435
u02729,lapsed,318
u02730,lapsed,776
u02731,lapsed,326
u02732,lapsed,496
u02733,lapsed,458
u02734,lapsed,0
u02735,lapsed,580
u02736,lapsed,652
u02737,lapsed,436
u02738,lapsed,497
u02739,lapsed,324
u02740,lapsed,233
u02741,lapsed,232
u02742,lapsed,0
u02743,lapsed,581
u02744,lapsed,22
u02745,lapsed,286
u02746,lapsed,0
u02747,lapsed,220
u02748,lapsed,583
u02749,lapsed,447
u02750,lapsed,429
u02751,lapsed,491
u02752,lapsed,0
u02753,lapsed,682
u02754,lapsed,294
u02755,lapsed,429
u02756,lapsed,551
u02757,lapsed,0
u02758,lapsed,846
u02759,lapsed,318
u02760,lapsed,587
u02761,lapsed,316
u02762,lapsed,235
u02763,lapsed,815
u02764,lapsed,58
u02765,lapsed,508
u02766,lapsed,260
u02767,lapsed,574
u02768,lapsed,689
u02769,lapsed,628
u02770,lapsed,587
u02771,lapsed,240
u02772,lapsed,346
u02773,lapsed,519
u02774,lapsed,781
u02775,lapsed,561
u02776,lapsed,363
u02777,lapsed,483
u02778,lapsed,694
u02779,lapsed,560
u02780,lapsed,689
u02781,lapsed,299
u02782,lapsed,692
u02783,lapsed,312
u02784,lapsed,448
u02785,lapsed,592
u02786,lapsed,21
u02787,lapsed,343
u02788,lapsed,502
u02789,lapsed,469
u02790,lapsed,669
u02791,lapsed,0
u02792,lapsed,0
u02793,lapsed,718
u02794,lapsed,641
u02795,lapsed,1003
u02796,lapsed,385
u02797,lapsed,779
u02798,lapsed,1087
u02799,lapsed,0
u02800,lapsed,0
u02801,lapsed,270
u02802,lapsed,0
u02803,lapsed,874
u02804,lapsed,340
u02805,lapsed,209
u02806,lapsed,790
u02807,lapsed,615
u02808,lapsed,245
u02809,lapsed,625
u02810,lapsed,143
u02811,lapsed,210
u02812,lapsed,773
u02813,lapsed,166
u02814,lapsed,270
u02815,lapsed,281
u02816,lapsed,251
u02817,lapsed,0
u02818,lapsed,0
u02819,lapsed,465
u02820,lapsed,832
u02821,lapsed,625
u02822,lapsed,264
u02823,lapsed,381
u02824,lapsed,0
u02825,lapsed,343
u02826,lapsed,347
u02827,lapsed,242
u02828,lapsed,598
u02829,lapsed,537
u02830,lapsed,585
u02831,lapsed,1080
u02832,lapsed,580
u02833,lapsed,0
u02834,lapsed,1
u02835,lapsed,401
u02836,lapsed,152
u02837,lapsed,344
u02838,lapsed,844
u02839,lapsed,443
u02840,lapsed,56
u02841,lapsed,849
u02842,lapsed,359
u02843,lapsed,404
u02844,lapsed,483
u02845,lapsed,573
u02846,lapsed,199
u02847,lapsed,438
u02848,lapsed,793
u02849,lapsed,789
u02850,lapsed,174
u02851,lapsed,424
u02852,lapsed,877
u02853,lapsed,341
u02854,lapsed,16
u02855,lapsed,225
u02856,lapsed,599
u02857,lapsed,389
u02858,lapsed,431
u02859,lapsed,498
u02860,lapsed,336
u02861,lapsed,570
u02862,lapsed,818
u02863,lapsed,547
u02864,lapsed,577
u02865,lapsed,757
u02866,lapsed,639
u02867,lapsed,759
u02868,lapsed,0
u02869,lapsed,430
u02870,lapsed,540
u02871,lapsed,379
u02872,lapsed,164
u02873,lapsed,380
u02874,lapsed,198
u02875,lapsed,521
u02876,lapsed,623
u02877,lapsed,347
u02878,lapsed,739
u02879,lapsed,262
u02880,lapsed,240
u02881,lapsed,443
u02882,lapsed,299
u02883,lapsed,717
u02884,lapsed,368
u02885,lapsed,579
u02886,lapsed,701
u02887,lapsed,0
u02888,lapsed,403
u02889,lapsed,455
u02890,lapsed,0
u02891,lapsed,436
u02892,lapsed,362
u02893,lapsed,0
u02894,lapsed,819
u02895,lapsed,457
u02896,lapsed,0
u02897,lapsed,277
u02898,lapsed,322
u02899,lapsed,386
u02900,lapsed,191
u02901,lapsed,98
u02902,lapsed,494
u02903,lapsed,130
u02904,lapsed,709
u02905,lapsed,566
u02906,lapsed,491
u02907,lapsed,249
u02908,lapsed,453
u02909,lapsed,437
u02910,lapsed,464
u02911,lapsed,0
u02912,lapsed,417
u02913,lapsed,0
u02914,lapsed,456
u02915,lapsed,1160
u02916,lapsed,128
u02917,lapsed,176
u02918,lapsed,668
u02919,lapsed,167
u02920,lapsed,110
u02921,lapsed,349
u02922,lapsed,465
u02923,lapsed,680
u02924,lapsed,280
u02925,lapsed,239
u02926,lapsed,341
u02927,lapsed,207
u02928,lapsed,509
u02929,lapsed,830
u02930,lapsed,170
u02931,lapsed,73
u02932,lapsed,399
u02933,lapsed,245
u02934,lapsed,0
u02935,lapsed,20
u02936,lapsed,0
u02937,lapsed,399
u02938,lapsed,197
u02939,lapsed,956
u02940,lapsed,538
u02941,lapsed,113
u02942,lapsed,89
u02943,lapsed,280
u02944,lapsed,11
u02945,lapsed,396
u02946,lapsed,749
u02947,lapsed,323
u02948,lapsed,211
u02949,lapsed,0
u02950,lapsed,0
u02951,lapsed,445
u02952,lapsed,380
u02953,lapsed,476
u02954,lapsed,0
u02955,lapsed,681
u02956,lapsed,269
u02957,lapsed,0
u02958,lapsed,87
u02959,lapsed,227
u02960,lapsed,397
u02961,lapsed,0
u02962,lapsed,682
u02963,lapsed,415
u02964,lapsed,674
u02965,lapsed,850
u02966,lapsed,331
u02967,lapsed,229
u02968,lapsed,592
u02969,lapsed,0
u02970,lapsed,743
u02971,lapsed,401
u02972,lapsed,291
u02973,lapsed,79
u02974,lapsed,27
u02975,lapsed,326
u02976,lapsed,558
u02977,lapsed,414
u02978,lapsed,0
u02979,lapsed,213
u02980,lapsed,573
u02981,lapsed,970
u02982,lapsed,375
u02983,lapsed,534
u02984,lapsed,421
u02985,lapsed,298
u02986,lapsed,74
u02987,lapsed,144
u02988,lapsed,17
u02989,lapsed,559
u02990,lapsed,675
u02991,lapsed,363
u02992,lapsed,228
u02993,lapsed,722
u02994,lapsed,1084
u02995,lapsed,0
u02996,lapsed,587
u02997,lapsed,461
u02998,lapsed,516
u02999,lapsed,627
u03000,lapsed,881
